DBN,Year,Not_Meeting_Pct,Partially_Meeting_Pct,Meeting_Pct
84K037,2015-01-01,9.1,31.8,59.1
84K037,2016-01-01,3.1999999999999997,17.2,79.56666666666666
84K037,2017-01-01,7.1,26.8,66.125
84K037,2018-01-01,10.919999999999998,26.78,62.35999999999999
84K037,2019-01-01,13.016666666666666,23.816666666666663,63.199999999999996
84K125,2015-01-01,1.8,8.9,89.3
84K125,2016-01-01,0.9666666666666668,2.9333333333333336,96.10000000000001
84K125,2017-01-01,0.0,1.3,98.7
84K125,2018-01-01,0.6999999999999998,1.3666666666666665,97.93333333333334
84K125,2019-01-01,0.0,1.3666666666666665,98.63333333333333
84K129,2015-01-01,1.4,6.8,91.8
84K129,2016-01-01,0.0,5.166666666666667,94.83333333333333
84K129,2017-01-01,0.0,2.3499999999999996,97.64999999999999
84K129,2018-01-01,0.0,1.3399999999999999,98.66
84K129,2019-01-01,0.0,0.0,100.0
84K182,2015-01-01,0.0,1.3,98.7
84K182,2016-01-01,1.0666666666666667,3.766666666666667,95.16666666666667
84K182,2017-01-01,0.35,5.6000000000000005,94.05000000000001
84K182,2018-01-01,0.0,1.2666666666666666,98.73333333333333
84K182,2019-01-01,0.0,0.0,100.0
84K333,2013-01-01,12.3,49.1,38.6
84K333,2014-01-01,12.566666666666668,31.633333333333336,55.76666666666667
84K333,2015-01-01,24.15,43.725,32.15
84K333,2016-01-01,37.980000000000004,40.900000000000006,21.139999999999997
84K333,2017-01-01,39.31666666666666,37.06666666666666,23.61666666666667
84K333,2018-01-01,28.457142857142863,27.87142857142857,43.65714285714285
84K333,2019-01-01,22.457142857142856,29.5,48.05714285714286
84K355,2013-01-01,6.24,27.1,66.64
84K355,2014-01-01,5.9799999999999995,26.32,67.7
84K355,2015-01-01,16.974999999999998,28.9,54.125
84K355,2016-01-01,14.725,33.975,51.325
84K355,2017-01-01,12.950000000000001,36.9,50.15
84K355,2018-01-01,16.475,25.65,57.9
84K355,2019-01-01,9.3,24.875,65.85
84K356,2013-01-01,16.671428571428574,40.68571428571429,42.628571428571426
84K356,2014-01-01,15.257142857142856,40.02857142857143,44.7
84K356,2015-01-01,13.714285714285714,40.142857142857146,46.18571428571429
84K356,2016-01-01,7.799999999999999,30.157142857142862,62.042857142857144
84K356,2017-01-01,9.357142857142858,25.400000000000002,65.22857142857143
84K356,2018-01-01,10.942857142857141,22.25714285714286,66.8
84K356,2019-01-01,7.528571428571429,19.77142857142857,72.71428571428571
84K357,2013-01-01,34.519999999999996,48.62,16.86
84K357,2014-01-01,31.72,42.96,25.34
84K357,2015-01-01,23.860000000000003,38.339999999999996,37.800000000000004
84K357,2016-01-01,26.7,38.339999999999996,34.980000000000004
84K357,2017-01-01,21.416666666666668,34.4,44.18333333333334
84K357,2018-01-01,20.228571428571428,22.485714285714284,57.3
84K357,2019-01-01,12.828571428571427,19.685714285714287,67.4857142857143
84K358,2013-01-01,11.857142857142858,39.98571428571429,48.14285714285713
84K358,2014-01-01,10.857142857142858,31.82857142857143,57.32857142857143
84K358,2015-01-01,15.4,34.957142857142856,49.642857142857146
84K358,2016-01-01,6.3,24.400000000000002,69.34285714285714
84K358,2017-01-01,4.114285714285714,20.5,75.37142857142858
84K358,2018-01-01,2.5714285714285716,13.542857142857143,83.88571428571427
84K358,2019-01-01,2.8857142857142857,9.585714285714287,87.54285714285713
84K360,2013-01-01,55.2,40.0,4.8
84K360,2014-01-01,66.86666666666666,27.233333333333334,5.933333333333334
84K360,2015-01-01,55.400000000000006,34.0,10.600000000000001
84K360,2016-01-01,50.5,32.0,17.525000000000002
84K360,2017-01-01,50.9,33.6,15.525
84K360,2018-01-01,45.224999999999994,26.075000000000003,28.7
84K360,2019-01-01,44.175,31.250000000000004,24.6
84K362,2013-01-01,19.12857142857143,36.114285714285714,44.81428571428571
84K362,2014-01-01,8.571428571428573,34.91428571428572,56.48571428571428
84K362,2015-01-01,4.785714285714286,29.142857142857142,66.10000000000001
84K362,2016-01-01,5.171428571428572,27.87142857142857,66.97142857142858
84K362,2017-01-01,3.9428571428571426,28.7,67.35714285714286
84K362,2018-01-01,4.514285714285714,21.25714285714286,74.22857142857143
84K362,2019-01-01,3.7714285714285714,9.657142857142857,86.57142857142857
84K367,2014-01-01,0.0,2.4,97.6
84K367,2015-01-01,0.0,0.6999999999999998,99.3
84K367,2016-01-01,0.0,0.45,99.55
84K367,2017-01-01,0.54,0.26,99.2
84K367,2018-01-01,1.8166666666666664,1.3833333333333335,96.81666666666666
84K367,2019-01-01,0.4666666666666666,1.1666666666666667,98.36666666666667
84K379,2013-01-01,22.53333333333333,35.03333333333333,42.43333333333334
84K379,2014-01-01,27.725,35.525,36.725
84K379,2015-01-01,41.120000000000005,32.64,26.2
84K379,2016-01-01,34.56666666666667,28.75,36.66666666666667
84K379,2017-01-01,37.95714285714286,29.557142857142857,32.48571428571429
84K379,2018-01-01,28.5,22.97142857142857,48.528571428571425
84K379,2019-01-01,25.771428571428572,21.257142857142856,52.957142857142856
84K406,2014-01-01,26.3,45.6,28.1
84K406,2015-01-01,31.066666666666663,46.46666666666667,22.46666666666667
84K406,2016-01-01,45.35,36.425,18.25
84K406,2017-01-01,42.12,35.64,22.279999999999998
84K406,2018-01-01,31.466666666666665,31.75,36.81666666666667
84K406,2019-01-01,34.1,32.916666666666664,32.98333333333333
84K508,2013-01-01,10.219999999999999,46.32,43.480000000000004
84K508,2014-01-01,10.600000000000001,32.56666666666667,56.833333333333336
84K508,2015-01-01,12.742857142857142,36.800000000000004,50.47142857142858
84K508,2016-01-01,7.957142857142856,29.67142857142857,62.38571428571429
84K508,2017-01-01,6.742857142857143,26.11428571428572,67.14285714285714
84K508,2018-01-01,6.557142857142858,15.614285714285714,77.82857142857142
84K508,2019-01-01,3.542857142857143,14.971428571428572,81.48571428571428
84K517,2013-01-01,11.166666666666666,38.28333333333333,50.56666666666666
84K517,2014-01-01,7.142857142857143,25.314285714285713,67.54285714285714
84K517,2015-01-01,9.766666666666667,24.200000000000003,66.05
84K517,2016-01-01,4.366666666666667,23.483333333333334,72.13333333333333
84K517,2017-01-01,6.683333333333334,26.71666666666667,66.61666666666666
84K517,2018-01-01,8.183333333333334,20.733333333333334,71.05
84K517,2019-01-01,6.583333333333333,14.9,78.51666666666667
84K536,2013-01-01,23.619999999999997,29.419999999999998,46.94
84K536,2014-01-01,18.433333333333334,31.36666666666667,50.199999999999996
84K536,2015-01-01,25.314285714285717,29.599999999999998,45.08571428571429
84K536,2016-01-01,22.185714285714287,34.542857142857144,43.25714285714285
84K536,2017-01-01,24.585714285714285,27.900000000000006,47.50000000000001
84K536,2018-01-01,18.485714285714284,25.185714285714287,56.357142857142854
84K536,2019-01-01,16.92857142857143,23.17142857142857,59.94285714285714
84K538,2013-01-01,7.314285714285715,35.47142857142857,57.199999999999996
84K538,2014-01-01,7.714285714285714,27.74285714285714,64.52857142857144
84K538,2015-01-01,5.185714285714286,29.099999999999998,65.74285714285715
84K538,2016-01-01,3.8999999999999995,14.914285714285715,81.18571428571428
84K538,2017-01-01,2.5714285714285716,14.014285714285714,83.38571428571429
84K538,2018-01-01,3.0571428571428574,8.071428571428573,88.88571428571427
84K538,2019-01-01,4.057142857142858,9.071428571428571,86.85714285714288
84K593,2013-01-01,9.728571428571428,44.0,46.24285714285714
84K593,2014-01-01,12.357142857142856,33.37142857142857,54.24285714285715
84K593,2015-01-01,12.940000000000001,25.48,61.539999999999985
84K593,2016-01-01,11.466666666666667,25.400000000000002,63.13333333333333
84K593,2017-01-01,9.166666666666666,23.683333333333334,67.11666666666666
84K593,2018-01-01,14.416666666666666,20.51666666666667,65.06666666666668
84K593,2019-01-01,9.666666666666666,22.066666666666666,68.28333333333333
84K608,2013-01-01,16.240000000000002,45.98,37.760000000000005
84K608,2014-01-01,11.9,37.42,50.660000000000004
84K608,2015-01-01,16.425,29.45,54.099999999999994
84K608,2016-01-01,18.1,33.575,48.325
84K608,2017-01-01,19.175,37.35,43.5
84K608,2018-01-01,24.325000000000003,29.049999999999997,46.599999999999994
84K608,2019-01-01,20.25,25.275,54.425
84K626,2013-01-01,18.625,44.075,37.324999999999996
84K626,2014-01-01,12.799999999999999,34.38,52.82000000000001
84K626,2015-01-01,21.8,37.85,40.36666666666667
84K626,2016-01-01,14.314285714285713,30.071428571428573,55.60000000000001
84K626,2017-01-01,8.357142857142858,30.114285714285717,61.528571428571425
84K626,2018-01-01,10.328571428571431,23.2,66.5
84K626,2019-01-01,3.985714285714286,20.24285714285714,75.75714285714287
84K648,2013-01-01,12.34,47.2,40.5
84K648,2014-01-01,14.34,34.620000000000005,51.040000000000006
84K648,2015-01-01,20.925,38.15,40.95
84K648,2016-01-01,22.3,34.825,42.9
84K648,2017-01-01,18.549999999999997,35.05,46.39999999999999
84K648,2018-01-01,15.0,30.299999999999997,54.699999999999996
84K648,2019-01-01,12.399999999999999,23.7,63.900000000000006
84K649,2013-01-01,33.6,45.2,21.15
84K649,2014-01-01,17.55,33.55,48.925
84K649,2015-01-01,25.25,31.375,43.425
84K649,2016-01-01,33.575,37.300000000000004,29.1
84K649,2017-01-01,32.0,31.575000000000003,36.425000000000004
84K649,2018-01-01,38.849999999999994,28.000000000000004,33.125
84K649,2019-01-01,26.6,31.299999999999997,42.150000000000006
84K651,2013-01-01,7.55,35.400000000000006,57.05
84K651,2014-01-01,12.86,34.66,52.5
84K651,2015-01-01,18.099999999999998,40.51666666666667,41.38333333333333
84K651,2016-01-01,23.057142857142857,37.6,39.371428571428574
84K651,2017-01-01,19.642857142857142,30.671428571428574,49.67142857142858
84K651,2018-01-01,20.4,21.557142857142857,58.028571428571425
84K651,2019-01-01,17.62857142857143,27.585714285714285,54.82857142857142
84K652,2013-01-01,30.579999999999995,46.980000000000004,22.419999999999998
84K652,2014-01-01,30.116666666666664,45.583333333333336,24.28333333333333
84K652,2015-01-01,32.385714285714286,40.9,26.75714285714286
84K652,2016-01-01,23.914285714285718,36.48571428571429,39.6
84K652,2017-01-01,17.97142857142857,30.714285714285715,51.371428571428574
84K652,2018-01-01,10.75,19.316666666666666,69.91666666666667
84K652,2019-01-01,9.833333333333334,15.583333333333334,74.56666666666666
84K680,2016-01-01,8.3,31.3,60.4
84K680,2017-01-01,4.266666666666667,20.066666666666666,75.66666666666667
84K680,2018-01-01,7.425,21.825000000000003,70.75
84K680,2019-01-01,6.9399999999999995,18.939999999999998,74.12
84K701,2013-01-01,12.75,45.775,41.474999999999994
84K701,2014-01-01,10.674999999999999,50.05,39.3
84K701,2015-01-01,33.925,32.225,33.85
84K701,2016-01-01,31.549999999999997,37.125,31.325000000000003
84K701,2017-01-01,14.524999999999999,33.275,52.224999999999994
84K701,2018-01-01,10.5,22.15,67.35
84K701,2019-01-01,15.05,32.25,52.725
84K702,2013-01-01,32.51428571428571,38.857142857142854,28.642857142857142
84K702,2014-01-01,23.62857142857143,41.68571428571429,34.67142857142857
84K702,2015-01-01,24.97142857142857,40.98571428571429,34.04285714285714
84K702,2016-01-01,34.385714285714286,40.34285714285714,25.25714285714286
84K702,2017-01-01,40.92857142857143,36.2,22.87142857142857
84K702,2018-01-01,36.82857142857143,30.657142857142862,32.48571428571429
84K702,2019-01-01,25.62857142857143,26.25714285714286,48.08571428571429
84K704,2013-01-01,12.671428571428569,44.42857142857143,42.89999999999999
84K704,2014-01-01,11.828571428571427,35.71428571428571,52.48571428571428
84K704,2015-01-01,27.842857142857138,38.62857142857143,33.5
84K704,2016-01-01,34.74285714285714,34.92857142857143,30.328571428571426
84K704,2017-01-01,42.54285714285714,34.771428571428565,22.657142857142862
84K704,2018-01-01,23.857142857142858,31.071428571428573,45.08571428571429
84K704,2019-01-01,15.799999999999999,27.785714285714285,56.39999999999999
84K707,2013-01-01,15.175,36.5,48.375
84K707,2014-01-01,14.450000000000001,34.65,50.9
84K707,2015-01-01,10.9,36.325,52.775
84K707,2016-01-01,12.075000000000001,41.275,46.625
84K707,2017-01-01,7.6,31.880000000000003,60.52
84K707,2018-01-01,9.85,21.0,69.15
84K707,2019-01-01,13.675,20.625,65.75
84K710,2013-01-01,12.68,45.86,41.43999999999999
84K710,2014-01-01,14.280000000000001,40.379999999999995,45.36
84K710,2015-01-01,24.450000000000003,37.775,37.8
84K710,2016-01-01,31.5,43.025,25.475
84K710,2017-01-01,27.375,35.825,36.775
84K710,2018-01-01,31.1,22.425,46.475
84K710,2019-01-01,31.275,25.424999999999997,43.3
84K711,2013-01-01,27.8,46.1,26.133333333333336
84K711,2014-01-01,15.125000000000002,28.075,56.825
84K711,2015-01-01,12.42,22.040000000000003,65.53999999999999
84K711,2016-01-01,11.949999999999998,28.733333333333334,59.33333333333334
84K711,2017-01-01,14.366666666666667,26.883333333333336,58.76666666666666
84K711,2018-01-01,11.433333333333335,19.366666666666667,69.2
84K711,2019-01-01,9.916666666666666,19.166666666666668,70.89999999999999
84K712,2013-01-01,3.6333333333333333,27.766666666666666,68.63333333333334
84K712,2014-01-01,9.45,16.275,74.27499999999999
84K712,2015-01-01,5.5200000000000005,18.160000000000004,76.32000000000001
84K712,2016-01-01,5.5,24.78333333333333,69.7
84K712,2017-01-01,5.966666666666668,25.916666666666668,68.08333333333333
84K712,2018-01-01,8.533333333333333,17.666666666666668,73.8
84K712,2019-01-01,10.000000000000002,24.25,65.75
84K724,2014-01-01,28.0,47.6,24.4
84K724,2015-01-01,21.7,29.766666666666666,48.53333333333333
84K724,2016-01-01,13.225,44.075,42.775000000000006
84K724,2017-01-01,18.620000000000005,29.6,51.8
84K724,2018-01-01,13.866666666666667,18.816666666666666,67.31666666666668
84K724,2019-01-01,8.15,22.533333333333335,69.3
84K730,2013-01-01,38.7,42.4,18.900000000000002
84K730,2014-01-01,32.574999999999996,46.0,21.424999999999997
84K730,2015-01-01,36.275,46.099999999999994,17.625
84K730,2016-01-01,35.025,38.625,26.349999999999998
84K730,2017-01-01,32.575,39.025000000000006,28.374999999999996
84K730,2018-01-01,37.775,32.9,29.299999999999997
84K730,2019-01-01,44.974999999999994,26.225,28.775
84K731,2013-01-01,38.2,42.214285714285715,19.585714285714285
84K731,2014-01-01,42.714285714285715,32.285714285714285,25.042857142857144
84K731,2015-01-01,44.871428571428574,36.08571428571428,19.057142857142853
84K731,2016-01-01,38.628571428571426,35.34285714285715,26.042857142857148
84K731,2017-01-01,35.642857142857146,33.07142857142857,31.299999999999994
84K731,2018-01-01,23.728571428571428,28.27142857142857,48.028571428571425
84K731,2019-01-01,17.185714285714283,29.128571428571433,53.685714285714276
84K736,2016-01-01,47.4,35.1,17.5
84K736,2017-01-01,48.53333333333333,35.766666666666666,15.699999999999998
84K736,2018-01-01,31.525,28.775000000000002,39.7
84K736,2019-01-01,30.675,30.450000000000003,38.900000000000006
84K737,2013-01-01,14.033333333333331,46.5,39.43333333333333
84K737,2014-01-01,25.974999999999998,46.25,27.725
84K737,2015-01-01,26.46,39.88,33.64
84K737,2016-01-01,27.55,36.51666666666667,35.98333333333333
84K737,2017-01-01,22.628571428571426,33.0,44.38571428571429
84K737,2018-01-01,16.871428571428574,21.442857142857143,61.671428571428564
84K737,2019-01-01,12.385714285714286,17.914285714285715,69.72857142857143
84K740,2013-01-01,33.00000000000001,46.76666666666667,20.266666666666666
84K740,2014-01-01,24.971428571428568,46.771428571428565,28.27142857142857
84K740,2015-01-01,23.24285714285714,44.98571428571429,31.77142857142857
84K740,2016-01-01,21.071428571428573,45.88571428571429,33.07142857142857
84K740,2017-01-01,26.7,36.92857142857143,36.39999999999999
84K740,2018-01-01,23.057142857142857,37.2,39.771428571428565
84K740,2019-01-01,22.714285714285715,32.18571428571429,45.114285714285714
84K741,2016-01-01,0.0,0.0,100.0
84K741,2017-01-01,0.0,0.8333333333333334,99.16666666666667
84K741,2018-01-01,0.0,1.4,98.6
84K741,2019-01-01,0.48,0.7,98.82000000000001
84K742,2013-01-01,30.875,32.6,36.525
84K742,2014-01-01,31.240000000000002,36.739999999999995,32.02
84K742,2015-01-01,45.68333333333334,31.8,22.53333333333333
84K742,2016-01-01,38.74285714285714,30.928571428571434,30.314285714285713
84K742,2017-01-01,38.61428571428571,34.75714285714286,26.628571428571426
84K742,2018-01-01,32.371428571428574,29.61428571428571,38.028571428571425
84K742,2019-01-01,23.357142857142858,23.47142857142857,53.15714285714286
84K744,2013-01-01,25.54,34.660000000000004,39.8
84K744,2014-01-01,24.6,32.62,42.760000000000005
84K744,2015-01-01,18.840000000000003,40.0,41.16
84K744,2016-01-01,24.66,36.38,39.0
84K744,2017-01-01,16.46666666666667,33.233333333333334,50.28333333333333
84K744,2018-01-01,19.699999999999996,28.614285714285717,51.65714285714286
84K744,2019-01-01,17.271428571428572,29.071428571428573,53.65714285714285
84K746,2013-01-01,26.233333333333334,37.93333333333333,35.86666666666667
84K746,2014-01-01,18.799999999999997,29.074999999999996,52.125
84K746,2015-01-01,13.575,22.3,64.15
84K746,2016-01-01,17.9,27.619999999999997,54.5
84K746,2017-01-01,19.916666666666668,33.53333333333334,46.6
84K746,2018-01-01,33.87142857142857,21.571428571428573,44.57142857142857
84K746,2019-01-01,30.67142857142857,23.47142857142857,45.9
84K752,2016-01-01,0.0,0.0,100.0
84K752,2017-01-01,0.6666666666666666,4.233333333333333,95.13333333333333
84K752,2018-01-01,0.0,1.5333333333333332,98.46666666666665
84K752,2019-01-01,0.0,0.0,100.0
84K756,2016-01-01,0.0,1.9,98.1
84K756,2017-01-01,0.0,4.333333333333333,95.66666666666667
84K756,2018-01-01,0.0,2.82,97.17999999999999
84K756,2019-01-01,0.0,0.44999999999999996,99.55
84K757,2014-01-01,61.1,29.8,9.2
84K757,2015-01-01,50.0,33.0,16.966666666666665
84K757,2016-01-01,47.775,38.075,14.149999999999999
84K757,2017-01-01,39.6,38.949999999999996,21.475
84K757,2018-01-01,45.775,33.625,20.625
84K757,2019-01-01,44.05,28.875,27.05
84K758,2014-01-01,30.0,45.4,24.6
84K758,2015-01-01,30.599999999999998,48.43333333333333,20.966666666666665
84K758,2016-01-01,30.225,47.474999999999994,22.325000000000003
84K758,2017-01-01,38.150000000000006,40.1,21.725
84K758,2018-01-01,27.725,38.5,33.75
84K758,2019-01-01,41.3,27.825,30.825
84K759,2016-01-01,15.2,28.6,56.2
84K759,2017-01-01,9.9,28.2,61.86666666666667
84K759,2018-01-01,9.325,16.75,73.95
84K759,2019-01-01,10.36,16.68,72.91999999999999
84K766,2018-01-01,3.2,29.0,67.7
84K766,2019-01-01,12.966666666666669,34.1,52.93333333333334
84K769,2013-01-01,21.9,48.4,29.7
84K769,2014-01-01,26.566666666666666,52.06666666666666,21.366666666666664
84K769,2015-01-01,29.875,46.475,23.650000000000002
84K769,2016-01-01,24.299999999999997,46.824999999999996,28.85
84K769,2017-01-01,28.775,44.775000000000006,26.450000000000003
84K769,2018-01-01,21.275,33.0,45.75
84K769,2019-01-01,26.4,30.419999999999998,43.199999999999996
84K772,2017-01-01,0.0,2.2,97.8
84K772,2018-01-01,0.0,1.1,98.89999999999999
84K772,2019-01-01,0.0,0.0,100.0
84K774,2013-01-01,12.5,51.6,35.9
84K774,2014-01-01,11.699999999999998,51.46666666666667,36.833333333333336
84K774,2015-01-01,18.675,32.675000000000004,48.65
84K774,2016-01-01,13.419999999999998,26.860000000000003,59.739999999999995
84K774,2017-01-01,5.583333333333333,24.28333333333333,70.13333333333334
84K774,2018-01-01,7.542857142857143,13.099999999999998,79.37142857142858
84K774,2019-01-01,4.571428571428571,10.757142857142856,84.6857142857143
84K775,2013-01-01,0.0,20.0,80.0
84K775,2014-01-01,9.125,12.3,78.575
84K775,2015-01-01,7.1,15.38,77.5
84K775,2016-01-01,5.8999999999999995,16.316666666666666,77.78333333333333
84K775,2017-01-01,5.8500000000000005,16.333333333333332,77.81666666666666
84K775,2018-01-01,6.6499999999999995,13.683333333333335,79.66666666666667
84K775,2019-01-01,5.066666666666666,21.566666666666666,73.35000000000001
84K777,2013-01-01,13.975,43.55,42.475
84K777,2014-01-01,10.86,33.36,55.779999999999994
84K777,2015-01-01,15.075,38.625,46.300000000000004
84K777,2016-01-01,17.95,31.400000000000002,50.625
84K777,2017-01-01,16.725,26.65,56.65
84K777,2018-01-01,18.375,25.425000000000004,56.224999999999994
84K777,2019-01-01,14.25,23.724999999999998,62.025
84K780,2013-01-01,16.4,35.825,47.75
84K780,2014-01-01,17.68,34.46,47.86
84K780,2015-01-01,24.4,37.5,38.1
84K780,2016-01-01,25.85,37.7,36.4
84K780,2017-01-01,21.666666666666668,37.43333333333334,40.93333333333334
84K780,2018-01-01,21.224999999999998,24.099999999999998,54.7
84K780,2019-01-01,18.349999999999998,21.45,60.14999999999999
84K781,2017-01-01,0.0,1.7,98.3
84K781,2018-01-01,0.0,0.0,100.0
84K781,2019-01-01,0.0,0.55,99.44999999999999
84K782,2013-01-01,28.25,45.225,26.55
84K782,2014-01-01,35.82,40.260000000000005,23.94
84K782,2015-01-01,36.88333333333333,37.71666666666667,25.400000000000002
84K782,2016-01-01,38.1,44.728571428571435,17.17142857142857
84K782,2017-01-01,41.0,31.042857142857144,27.985714285714284
84K782,2018-01-01,42.1,24.642857142857142,33.285714285714285
84K782,2019-01-01,21.199999999999996,24.3,54.5
84K784,2017-01-01,2.4,7.1,90.6
84K784,2018-01-01,2.9,13.799999999999999,83.3
84K784,2019-01-01,3.225,7.725,89.1
84K785,2013-01-01,42.6,38.3,19.1
84K785,2014-01-01,43.4,32.53333333333333,24.03333333333333
84K785,2015-01-01,23.125,32.775,44.1
84K785,2016-01-01,11.7,16.825000000000003,71.44999999999999
84K785,2017-01-01,7.725,24.875,67.4
84K785,2018-01-01,5.9,22.175,71.95
84K785,2019-01-01,9.3,16.85,73.85
84K788,2017-01-01,6.8,26.1,67.0
84K788,2018-01-01,7.733333333333334,22.133333333333336,70.13333333333333
84K788,2019-01-01,11.649999999999999,21.5,66.85
84K789,2017-01-01,61.4,27.3,11.4
84K789,2018-01-01,30.266666666666666,29.53333333333333,40.13333333333333
84K789,2019-01-01,34.125,15.8,50.050000000000004
84K790,2017-01-01,15.9,34.1,50.0
84K790,2018-01-01,18.233333333333334,34.46666666666667,47.26666666666667
84K790,2019-01-01,16.65,18.925,64.42500000000001
84K791,2013-01-01,26.1,40.9,32.975
84K791,2014-01-01,22.740000000000002,40.580000000000005,36.7
84K791,2015-01-01,27.5,33.166666666666664,39.349999999999994
84K791,2016-01-01,24.2,39.771428571428565,36.028571428571425
84K791,2017-01-01,24.22857142857143,32.17142857142857,43.58571428571429
84K791,2018-01-01,31.08571428571429,26.58571428571429,42.300000000000004
84K791,2019-01-01,36.699999999999996,24.271428571428572,39.042857142857144
84K792,2013-01-01,27.7,52.3,20.0
84K792,2014-01-01,48.4,38.5,13.033333333333333
84K792,2015-01-01,39.925,35.825,24.249999999999996
84K792,2016-01-01,33.25,42.875,23.875
84K792,2017-01-01,36.525000000000006,42.2,21.299999999999997
84K792,2018-01-01,31.4,39.42,29.18
84K792,2019-01-01,28.525000000000002,40.175,31.275
84K793,2013-01-01,13.3,56.7,30.0
84K793,2014-01-01,20.299999999999997,44.166666666666664,35.53333333333334
84K793,2015-01-01,21.225,42.325,36.425
84K793,2016-01-01,22.54,36.56,40.9
84K793,2017-01-01,18.15,28.949999999999992,52.9
84K793,2018-01-01,15.928571428571427,20.17142857142857,63.91428571428571
84K793,2019-01-01,11.928571428571429,16.15714285714286,71.91428571428571
84K803,2015-01-01,32.2,42.4,25.4
84K803,2016-01-01,24.733333333333334,37.03333333333333,38.199999999999996
84K803,2017-01-01,38.35,38.25,23.4
84K803,2018-01-01,38.5,35.949999999999996,25.575000000000003
84K803,2019-01-01,42.87499999999999,30.250000000000004,26.925
84K807,2017-01-01,57.1,23.2,19.6
84K807,2018-01-01,38.166666666666664,41.6,20.233333333333334
84K807,2019-01-01,37.925,36.875,25.2
84K876,2017-01-01,23.0,24.6,52.5
84K876,2018-01-01,29.933333333333326,24.96666666666667,45.1
84K876,2019-01-01,15.55,25.1,59.35
84K879,2017-01-01,19.8,37.2,43.0
84K879,2018-01-01,6.74,19.6,73.67999999999999
84K879,2019-01-01,6.871428571428571,17.057142857142857,76.05714285714285
84K882,2019-01-01,0.0,0.0,100.0
84K886,2019-01-01,0.0,0.0,100.0
84K911,2019-01-01,25.5,27.5,47.1
84K912,2019-01-01,34.733333333333334,33.76666666666667,31.5
84M065,2013-01-01,18.3,49.5,32.1
84M065,2014-01-01,11.766666666666666,40.23333333333333,48.0
84M065,2015-01-01,15.475,42.8,41.724999999999994
84M065,2016-01-01,13.549999999999999,45.125,41.3
84M065,2017-01-01,18.549999999999997,45.7,35.7
84M065,2018-01-01,19.25,34.6,46.175
84M065,2019-01-01,23.1,33.975,42.900000000000006
84M068,2013-01-01,34.0,35.0,31.0
84M068,2014-01-01,16.833333333333332,32.93333333333333,50.26666666666667
84M068,2015-01-01,19.580000000000002,35.739999999999995,44.660000000000004
84M068,2016-01-01,14.442857142857141,32.31428571428572,53.27142857142858
84M068,2017-01-01,12.271428571428572,24.928571428571427,62.78571428571428
84M068,2018-01-01,8.857142857142858,18.928571428571427,72.2
84M068,2019-01-01,8.857142857142856,17.357142857142858,73.79999999999998
84M080,2015-01-01,2.9,48.6,48.6
84M080,2016-01-01,12.199999999999998,35.53333333333333,52.23333333333333
84M080,2017-01-01,26.825,44.050000000000004,29.125
84M080,2018-01-01,24.175,35.4,40.45
84M080,2019-01-01,20.125,29.025,50.849999999999994
84M085,2015-01-01,59.7,30.6,9.7
84M085,2016-01-01,50.23333333333333,29.53333333333333,20.299999999999997
84M085,2017-01-01,41.15,25.450000000000003,33.375
84M085,2018-01-01,30.75,27.875,41.35
84M085,2019-01-01,17.85,24.275,57.875
84M100,2015-01-01,3.2,17.7,79.0
84M100,2016-01-01,3.2999999999999994,21.3,75.4
84M100,2017-01-01,3.3,24.875,71.82499999999999
84M100,2018-01-01,7.960000000000001,19.56,72.47999999999999
84M100,2019-01-01,6.8999999999999995,15.683333333333332,77.41666666666666
84M168,2016-01-01,32.0,32.0,36.0
84M168,2017-01-01,24.73333333333333,33.53333333333333,41.73333333333333
84M168,2018-01-01,31.125,29.775,39.099999999999994
84M168,2019-01-01,29.619999999999997,30.6,39.760000000000005
84M170,2016-01-01,0.0,0.0,100.0
84M170,2017-01-01,0.0,0.8666666666666666,99.13333333333333
84M170,2018-01-01,0.0,0.5666666666666668,99.43333333333334
84M170,2019-01-01,0.0,0.5666666666666668,99.43333333333334
84M174,2016-01-01,0.0,1.2,98.8
84M174,2017-01-01,0.0,6.366666666666667,93.66666666666667
84M174,2018-01-01,0.26,0.5599999999999999,99.17999999999999
84M174,2019-01-01,0.21666666666666667,0.8833333333333334,98.89999999999999
84M186,2016-01-01,17.3,53.8,28.8
84M186,2017-01-01,30.133333333333336,22.033333333333335,47.79999999999999
84M186,2018-01-01,35.64999999999999,21.000000000000004,43.325
84M186,2019-01-01,34.46,26.76,38.779999999999994
84M202,2014-01-01,14.1,30.8,55.1
84M202,2015-01-01,25.03333333333333,28.8,46.199999999999996
84M202,2016-01-01,31.950000000000003,38.14999999999999,29.875
84M202,2017-01-01,32.2,37.75,30.025
84M202,2018-01-01,34.875,30.375000000000004,34.775000000000006
84M202,2019-01-01,52.325,22.900000000000002,24.775
84M204,2017-01-01,48.9,41.5,9.633333333333333
84M204,2018-01-01,38.025,38.125,23.824999999999996
84M204,2019-01-01,47.6,38.975,13.425
84M263,2017-01-01,19.1,47.2,33.7
84M263,2018-01-01,31.666666666666668,31.5,36.833333333333336
84M263,2019-01-01,32.7,36.4,30.925
84M265,2017-01-01,0.0,0.0,100.0
84M265,2018-01-01,0.0,1.3333333333333333,98.66666666666667
84M265,2019-01-01,0.0,0.0,100.0
84M279,2013-01-01,75.5,19.425,5.1000000000000005
84M279,2014-01-01,72.725,23.975,3.3
84M279,2015-01-01,69.525,25.200000000000003,5.325
84M279,2016-01-01,75.39999999999999,21.4,3.2
84M279,2017-01-01,76.55000000000001,21.6,1.7999999999999998
84M279,2018-01-01,71.92500000000001,19.05,8.999999999999998
84M279,2019-01-01,78.425,16.549999999999997,5.0
84M284,2013-01-01,28.928571428571427,42.128571428571426,28.942857142857147
84M284,2014-01-01,19.957142857142856,43.39999999999999,36.642857142857146
84M284,2015-01-01,21.699999999999996,32.67142857142857,45.61428571428572
84M284,2016-01-01,13.085714285714287,32.128571428571426,54.8
84M284,2017-01-01,10.585714285714287,28.514285714285712,60.91428571428571
84M284,2018-01-01,8.628571428571428,27.285714285714285,64.10000000000001
84M284,2019-01-01,8.214285714285714,21.02857142857143,70.75714285714285
84M295,2017-01-01,54.4,29.1,16.5
84M295,2018-01-01,32.96666666666667,34.53333333333334,32.53333333333334
84M295,2019-01-01,22.5,35.25,42.25
84M320,2013-01-01,25.075000000000003,38.949999999999996,35.949999999999996
84M320,2014-01-01,10.125,31.325,58.525
84M320,2015-01-01,10.925,33.025,56.05
84M320,2016-01-01,14.2,34.425,51.400000000000006
84M320,2017-01-01,18.35,30.75,50.900000000000006
84M320,2018-01-01,24.525,21.075,54.4
84M320,2019-01-01,28.6,34.325,37.025
84M329,2013-01-01,29.9,41.825,28.3
84M329,2014-01-01,12.45,39.22500000000001,48.324999999999996
84M329,2015-01-01,37.074999999999996,40.3,22.6
84M329,2016-01-01,33.324999999999996,38.5,28.15
84M329,2017-01-01,29.825,43.975,26.2
84M329,2018-01-01,31.85,30.25,37.9
84M329,2019-01-01,22.8,29.25,47.974999999999994
84M330,2013-01-01,22.342857142857138,41.32857142857143,36.34285714285714
84M330,2014-01-01,16.014285714285712,40.12857142857143,43.82857142857143
84M330,2015-01-01,18.457142857142856,40.08571428571429,41.44285714285714
84M330,2016-01-01,14.085714285714285,41.285714285714285,44.61428571428571
84M330,2017-01-01,16.242857142857144,37.628571428571426,46.12857142857143
84M330,2018-01-01,12.928571428571429,25.44285714285714,61.628571428571426
84M330,2019-01-01,14.785714285714286,28.428571428571427,56.81428571428571
84M335,2013-01-01,17.18,48.88,33.94
84M335,2014-01-01,18.040000000000003,46.120000000000005,35.84
84M335,2015-01-01,21.119999999999997,44.62,34.28
84M335,2016-01-01,24.633333333333336,41.81666666666666,33.51666666666667
84M335,2017-01-01,24.957142857142856,33.94285714285714,41.057142857142864
84M335,2018-01-01,12.3,25.042857142857144,62.642857142857146
84M335,2019-01-01,8.0,18.75714285714286,73.24285714285713
84M336,2013-01-01,14.180000000000001,38.12,47.7
84M336,2014-01-01,9.183333333333332,31.083333333333332,59.74999999999999
84M336,2015-01-01,13.114285714285714,25.0,61.91428571428571
84M336,2016-01-01,8.27142857142857,19.642857142857142,72.08571428571429
84M336,2017-01-01,8.885714285714286,21.8,69.34285714285714
84M336,2018-01-01,6.8999999999999995,14.1,79.0
84M336,2019-01-01,5.514285714285714,11.357142857142858,83.12857142857142
84M341,2013-01-01,20.62857142857143,45.114285714285714,34.22857142857142
84M341,2014-01-01,19.585714285714285,33.87142857142857,46.557142857142864
84M341,2015-01-01,7.928571428571429,34.32857142857143,57.74285714285714
84M341,2016-01-01,7.328571428571428,25.74285714285714,66.94285714285715
84M341,2017-01-01,6.985714285714287,27.157142857142855,65.84285714285714
84M341,2018-01-01,8.814285714285713,21.02857142857143,70.17142857142858
84M341,2019-01-01,6.6571428571428575,20.3,73.05714285714285
84M350,2013-01-01,22.0,52.0,25.975
84M350,2014-01-01,10.325,41.05,48.599999999999994
84M350,2015-01-01,8.7,37.125,54.150000000000006
84M350,2016-01-01,7.275,31.799999999999997,60.95
84M350,2017-01-01,12.7,36.925000000000004,50.400000000000006
84M350,2018-01-01,15.924999999999999,28.175,55.925000000000004
84M350,2019-01-01,19.299999999999997,31.1,49.599999999999994
84M351,2013-01-01,2.066666666666667,17.116666666666664,80.81666666666666
84M351,2014-01-01,0.2857142857142857,6.014285714285714,93.71428571428571
84M351,2015-01-01,1.8428571428571427,9.342857142857143,88.82857142857142
84M351,2016-01-01,0.7571428571428572,7.785714285714286,91.47142857142858
84M351,2017-01-01,1.4000000000000001,6.314285714285714,92.25714285714285
84M351,2018-01-01,0.5,1.5833333333333333,97.93333333333332
84M351,2019-01-01,0.65,1.7833333333333332,97.55000000000001
84M353,2013-01-01,37.11999999999999,44.779999999999994,18.080000000000002
84M353,2014-01-01,38.48,43.44,18.06
84M353,2015-01-01,43.739999999999995,38.18,18.1
84M353,2016-01-01,36.76,40.5,22.740000000000002
84M353,2017-01-01,41.08,41.8,17.12
84M353,2018-01-01,37.22,35.42,27.360000000000003
84M353,2019-01-01,46.86,34.48,18.68
84M382,2013-01-01,34.7,43.125,22.175
84M382,2014-01-01,18.160000000000004,37.36,44.46
84M382,2015-01-01,23.316666666666663,32.96666666666667,43.73333333333333
84M382,2016-01-01,13.585714285714285,38.642857142857146,47.75714285714286
84M382,2017-01-01,12.785714285714286,31.957142857142856,55.24285714285715
84M382,2018-01-01,17.87142857142857,27.3,54.85714285714285
84M382,2019-01-01,17.728571428571428,27.814285714285713,54.44285714285714
84M384,2013-01-01,2.625,21.674999999999997,75.675
84M384,2014-01-01,0.7,8.02,91.27999999999999
84M384,2015-01-01,1.24,13.24,85.52000000000001
84M384,2016-01-01,0.45,9.716666666666667,89.85000000000001
84M384,2017-01-01,0.24285714285714285,5.471428571428571,94.28571428571429
84M384,2018-01-01,1.6666666666666667,0.7000000000000001,97.61666666666667
84M384,2019-01-01,0.2833333333333333,1.3166666666666667,98.39999999999999
84M385,2013-01-01,2.725,15.425,81.875
84M385,2014-01-01,0.26,5.159999999999999,94.58000000000001
84M385,2015-01-01,0.75,6.550000000000001,92.7
84M385,2016-01-01,0.39999999999999997,6.016666666666666,93.58333333333333
84M385,2017-01-01,0.6285714285714287,7.5857142857142845,91.75714285714285
84M385,2018-01-01,0.75,1.9333333333333336,97.33333333333333
84M385,2019-01-01,0.16666666666666666,0.39999999999999997,99.43333333333334
84M386,2013-01-01,1.3,14.375,84.325
84M386,2014-01-01,0.36,5.359999999999999,94.3
84M386,2015-01-01,0.2833333333333333,3.1333333333333333,96.56666666666666
84M386,2016-01-01,0.9166666666666666,5.483333333333334,93.60000000000001
84M386,2017-01-01,2.283333333333333,8.733333333333333,88.98333333333333
84M386,2018-01-01,0.0,1.975,98.025
84M386,2019-01-01,0.0,0.6666666666666666,99.33333333333333
84M388,2013-01-01,55.779999999999994,32.58,11.62
84M388,2014-01-01,54.260000000000005,34.64,11.1
84M388,2015-01-01,48.160000000000004,41.6,10.24
84M388,2016-01-01,52.725,38.25,9.0
84M388,2017-01-01,49.325,36.4,14.299999999999999
84M388,2018-01-01,38.575,33.599999999999994,27.8
84M388,2019-01-01,33.949999999999996,33.3,32.724999999999994
84M430,2013-01-01,34.06,42.18,23.779999999999998
84M430,2014-01-01,27.959999999999997,40.620000000000005,31.419999999999998
84M430,2015-01-01,26.76,34.98,38.239999999999995
84M430,2016-01-01,22.0,34.56,43.44
84M430,2017-01-01,21.26,36.28,42.46
84M430,2018-01-01,22.56,21.46,55.98
84M430,2019-01-01,17.1,22.919999999999998,59.96
84M478,2013-01-01,47.525,36.825,15.625
84M478,2014-01-01,40.9,40.96,18.08
84M478,2015-01-01,40.96,37.04,22.000000000000004
84M478,2016-01-01,37.58,41.62,20.8
84M478,2017-01-01,36.64,41.08,22.26
84M478,2018-01-01,31.4,34.0,34.620000000000005
84M478,2019-01-01,30.25,32.375,37.375
84M481,2013-01-01,42.1,43.70000000000001,14.199999999999998
84M481,2014-01-01,13.45,52.05,34.525
84M481,2015-01-01,15.875,48.775000000000006,35.349999999999994
84M481,2016-01-01,20.700000000000003,48.925000000000004,30.349999999999998
84M481,2017-01-01,25.139999999999997,41.32,33.56
84M481,2018-01-01,23.5,29.21666666666667,47.26666666666667
84M481,2019-01-01,22.985714285714288,33.81428571428571,43.199999999999996
84M482,2013-01-01,1.3,11.3,87.5
84M482,2014-01-01,0.0,4.333333333333333,95.66666666666667
84M482,2015-01-01,0.0,6.675,93.35000000000001
84M482,2016-01-01,0.9,7.76,91.34
84M482,2017-01-01,0.5,5.05,94.44999999999999
84M482,2018-01-01,0.3,2.9166666666666665,96.76666666666665
84M482,2019-01-01,0.0,0.26666666666666666,99.73333333333333
84M483,2013-01-01,20.866666666666667,49.63333333333333,29.46666666666667
84M483,2014-01-01,30.55,35.7,33.75
84M483,2015-01-01,34.975,27.65,37.4
84M483,2016-01-01,20.55,27.075000000000003,52.400000000000006
84M483,2017-01-01,16.3,36.75,46.925
84M483,2018-01-01,19.525,37.6,42.9
84M483,2019-01-01,20.7,32.839999999999996,46.48
84M518,2014-01-01,26.9,40.4,32.7
84M518,2015-01-01,13.466666666666667,31.733333333333334,54.79999999999999
84M518,2016-01-01,10.075000000000001,27.6,62.325
84M518,2017-01-01,15.839999999999998,30.82,53.34000000000001
84M518,2018-01-01,20.4,27.600000000000005,52.00000000000001
84M518,2019-01-01,24.571428571428566,32.04285714285714,43.357142857142854
84M523,2014-01-01,0.0,0.0,100.0
84M523,2015-01-01,0.0,1.5666666666666667,98.43333333333332
84M523,2016-01-01,0.35,1.625,98.0
84M523,2017-01-01,0.26,2.76,97.0
84M523,2018-01-01,0.8333333333333334,3.0833333333333335,96.08333333333333
84M523,2019-01-01,0.3,1.7666666666666668,97.91666666666667
84M702,2013-01-01,26.475,46.199999999999996,27.324999999999996
84M702,2014-01-01,13.350000000000001,49.1,37.550000000000004
84M702,2015-01-01,22.975,34.85,42.2
84M702,2016-01-01,19.45,33.425,47.125
84M702,2017-01-01,11.375,26.9,61.75
84M702,2018-01-01,8.375,23.950000000000003,67.69999999999999
84M702,2019-01-01,6.05,18.150000000000002,75.8
84M704,2013-01-01,21.257142857142856,43.89999999999999,34.84285714285714
84M704,2014-01-01,19.271428571428572,35.05714285714286,45.628571428571426
84M704,2015-01-01,9.628571428571428,44.3,46.08571428571429
84M704,2016-01-01,18.314285714285717,43.15714285714285,38.51428571428571
84M704,2017-01-01,39.385714285714286,41.07142857142857,19.528571428571432
84M704,2018-01-01,25.071428571428577,37.228571428571435,37.714285714285715
84M704,2019-01-01,38.957142857142856,34.114285714285714,26.928571428571427
84M705,2013-01-01,19.125,40.0,40.875
84M705,2014-01-01,13.249999999999998,32.375,54.349999999999994
84M705,2015-01-01,8.8,41.2,50.0
84M705,2016-01-01,15.55,43.725,40.7
84M705,2017-01-01,18.049999999999997,37.800000000000004,44.15
84M705,2018-01-01,14.05,23.475,62.475
84M705,2019-01-01,17.049999999999997,24.699999999999996,58.25
84M708,2013-01-01,33.28,44.739999999999995,21.98
84M708,2014-01-01,13.783333333333333,44.650000000000006,41.6
84M708,2015-01-01,21.12857142857143,47.271428571428565,31.614285714285717
84M708,2016-01-01,20.557142857142857,39.142857142857146,40.300000000000004
84M708,2017-01-01,25.485714285714288,38.81428571428571,35.7
84M708,2018-01-01,25.0,32.85714285714286,42.15714285714285
84M708,2019-01-01,23.485714285714288,33.18571428571429,43.32857142857143
84M709,2013-01-01,21.840000000000003,48.34,29.82
84M709,2014-01-01,26.3,49.6,24.1
84M709,2015-01-01,25.22,39.540000000000006,35.21999999999999
84M709,2016-01-01,24.150000000000002,31.21666666666667,44.61666666666667
84M709,2017-01-01,27.74285714285714,26.985714285714284,45.271428571428565
84M709,2018-01-01,16.442857142857143,20.157142857142855,63.40000000000001
84M709,2019-01-01,9.171428571428573,17.285714285714285,73.54285714285713
84M726,2013-01-01,31.72,44.38,23.939999999999998
84M726,2014-01-01,32.540000000000006,37.0,30.48
84M726,2015-01-01,23.1,33.72,43.160000000000004
84M726,2016-01-01,18.0,29.079999999999995,52.980000000000004
84M726,2017-01-01,12.419999999999998,27.439999999999998,60.14
84M726,2018-01-01,13.533333333333337,20.466666666666665,65.98333333333333
84M726,2019-01-01,12.5,20.185714285714287,67.34285714285714
84M861,2013-01-01,44.60000000000001,37.58571428571429,17.8
84M861,2014-01-01,32.528571428571425,38.285714285714285,29.17142857142857
84M861,2015-01-01,31.442857142857143,37.98571428571428,30.557142857142857
84M861,2016-01-01,40.800000000000004,35.9,23.32857142857143
84M861,2017-01-01,42.15714285714286,31.32857142857143,26.45714285714286
84M861,2018-01-01,30.042857142857144,37.471428571428575,32.457142857142856
84M861,2019-01-01,28.914285714285715,34.57142857142857,36.528571428571425
84Q083,2013-01-01,27.3,29.1,43.6
84Q083,2014-01-01,11.766666666666666,21.133333333333336,67.06666666666666
84Q083,2015-01-01,9.925,27.0,63.074999999999996
84Q083,2016-01-01,9.52,30.160000000000004,60.31999999999999
84Q083,2017-01-01,10.16,23.999999999999996,65.84
84Q083,2018-01-01,8.9,22.14,68.96000000000001
84Q083,2019-01-01,9.26,19.36,71.38
84Q170,2013-01-01,21.549999999999997,40.65,37.825
84Q170,2014-01-01,14.575000000000001,43.89999999999999,41.55
84Q170,2015-01-01,28.725,42.75,28.55
84Q170,2016-01-01,37.375,35.45,27.175
84Q170,2017-01-01,30.7,34.975,34.349999999999994
84Q170,2018-01-01,20.125,26.75,53.125
84Q170,2019-01-01,16.05,34.95,49.0
84Q298,2014-01-01,0.9,30.2,69.0
84Q298,2015-01-01,6.566666666666666,35.00000000000001,58.4
84Q298,2016-01-01,10.700000000000001,42.5,46.800000000000004
84Q298,2017-01-01,6.3,33.199999999999996,60.5
84Q298,2018-01-01,8.466666666666667,24.233333333333334,67.3
84Q298,2019-01-01,10.766666666666666,30.7,58.56666666666666
84Q304,2013-01-01,13.100000000000001,42.474999999999994,44.45
84Q304,2014-01-01,7.919999999999999,22.26,69.8
84Q304,2015-01-01,9.916666666666666,25.5,64.58333333333333
84Q304,2016-01-01,14.542857142857143,37.34285714285714,48.114285714285714
84Q304,2017-01-01,14.057142857142859,29.771428571428572,56.18571428571429
84Q304,2018-01-01,10.328571428571427,21.771428571428572,67.91428571428571
84Q304,2019-01-01,14.414285714285715,27.371428571428574,58.214285714285715
84Q321,2013-01-01,30.433333333333334,41.0,28.599999999999998
84Q321,2014-01-01,20.65,31.075,48.275000000000006
84Q321,2015-01-01,14.02,35.4,50.6
84Q321,2016-01-01,19.333333333333332,28.55,52.11666666666667
84Q321,2017-01-01,23.828571428571426,34.4,41.74285714285714
84Q321,2018-01-01,21.642857142857146,30.78571428571429,47.57142857142857
84Q321,2019-01-01,16.45,25.883333333333336,57.70000000000001
84Q337,2017-01-01,0.0,0.0,100.0
84Q337,2018-01-01,0.8666666666666667,2.1666666666666665,97.0
84Q337,2019-01-01,0.0,1.2,98.8
84Q339,2017-01-01,0.0,7.3,92.7
84Q339,2018-01-01,0.0,3.4,96.59999999999998
84Q339,2019-01-01,0.3,5.425000000000001,94.25
84Q340,2013-01-01,22.6,37.6,39.8
84Q340,2014-01-01,21.5,31.400000000000002,47.133333333333326
84Q340,2015-01-01,16.75,31.25,52.05
84Q340,2016-01-01,24.339999999999996,33.24,42.4
84Q340,2017-01-01,34.46666666666667,32.65,32.86666666666667
84Q340,2018-01-01,32.50000000000001,30.257142857142856,37.228571428571435
84Q340,2019-01-01,20.58571428571429,29.814285714285713,49.62857142857143
84Q341,2013-01-01,18.6,37.325,44.075
84Q341,2014-01-01,12.580000000000002,37.42,50.0
84Q341,2015-01-01,21.000000000000004,38.43333333333333,40.550000000000004
84Q341,2016-01-01,23.271428571428572,36.457142857142856,40.24285714285714
84Q341,2017-01-01,24.64285714285714,34.614285714285714,40.72857142857142
84Q341,2018-01-01,23.099999999999998,26.614285714285717,50.271428571428565
84Q341,2019-01-01,20.52857142857143,29.2,50.32857142857143
84Q342,2013-01-01,27.3,48.5,24.2
84Q342,2014-01-01,21.899999999999995,56.23333333333333,21.899999999999995
84Q342,2015-01-01,25.425,44.0,30.525
84Q342,2016-01-01,28.675,35.475,35.825
84Q342,2017-01-01,17.925,30.825,51.25
84Q342,2018-01-01,19.775,27.975,52.25
84Q342,2019-01-01,22.275,34.1,43.675
84Q359,2014-01-01,46.4,26.8,26.8
84Q359,2015-01-01,20.0,30.900000000000002,49.06666666666666
84Q359,2016-01-01,11.8,33.7,54.475
84Q359,2017-01-01,9.475000000000001,22.6,67.95
84Q359,2018-01-01,9.024999999999999,24.475,66.5
84Q359,2019-01-01,7.05,20.725,72.275
84Q372,2018-01-01,17.3,38.5,44.2
84Q372,2019-01-01,23.0,37.666666666666664,39.3
84Q374,2019-01-01,0.0,0.0,100.0
84Q375,2019-01-01,0.0,6.1,93.9
84Q380,2018-01-01,16.1,21.8,62.1
84Q380,2019-01-01,9.966666666666667,16.400000000000002,73.6
84Q704,2013-01-01,28.140000000000004,41.980000000000004,29.839999999999996
84Q704,2014-01-01,32.3,39.48,28.24
84Q704,2015-01-01,35.4,39.52,25.08
84Q704,2016-01-01,31.225,35.775,32.925
84Q704,2017-01-01,35.525000000000006,33.5,30.95
84Q704,2018-01-01,34.325,27.4,38.3
84Q704,2019-01-01,16.125,34.675,49.224999999999994
84Q705,2013-01-01,24.614285714285717,37.714285714285715,37.67142857142857
84Q705,2014-01-01,21.857142857142858,37.114285714285714,41.028571428571425
84Q705,2015-01-01,18.357142857142858,32.82857142857143,48.81428571428571
84Q705,2016-01-01,15.07142857142857,34.44285714285714,50.51428571428571
84Q705,2017-01-01,18.228571428571428,35.41428571428572,46.385714285714286
84Q705,2018-01-01,17.72857142857143,19.728571428571428,62.542857142857144
84Q705,2019-01-01,13.585714285714285,34.49999999999999,51.9
84Q706,2013-01-01,15.528571428571427,38.042857142857144,46.45714285714286
84Q706,2014-01-01,16.47142857142857,36.34285714285714,47.18571428571429
84Q706,2015-01-01,16.771428571428572,35.32857142857142,47.89999999999999
84Q706,2016-01-01,19.142857142857142,33.2,47.65714285714286
84Q706,2017-01-01,16.97142857142857,31.900000000000002,51.128571428571426
84Q706,2018-01-01,16.7,24.285714285714285,59.01428571428572
84Q706,2019-01-01,13.62857142857143,24.699999999999996,61.67142857142857
84R067,2013-01-01,39.275,41.475,19.225
84R067,2014-01-01,30.924999999999997,44.525000000000006,24.550000000000004
84R067,2015-01-01,35.0,45.15,19.85
84R067,2016-01-01,37.125,40.14999999999999,22.75
84R067,2017-01-01,45.35714285714285,34.17142857142857,20.47142857142857
84R067,2018-01-01,38.88571428571429,38.857142857142854,22.242857142857144
84R067,2019-01-01,41.94285714285714,37.51428571428572,20.542857142857144
84R073,2013-01-01,41.125,42.0,16.85
84R073,2014-01-01,30.0,38.825,31.174999999999997
84R073,2015-01-01,24.299999999999997,39.55,36.125
84R073,2016-01-01,15.899999999999999,46.375,37.725
84R073,2017-01-01,30.075000000000003,39.3,30.6
84R073,2018-01-01,26.074999999999996,32.25,41.725
84R073,2019-01-01,26.98,31.0,42.04
84X124,2015-01-01,1.5,16.2,82.4
84X124,2016-01-01,2.9333333333333336,21.3,75.73333333333333
84X124,2017-01-01,7.9750000000000005,30.824999999999996,61.2
84X124,2018-01-01,28.04,26.580000000000002,45.379999999999995
84X124,2019-01-01,35.29999999999999,30.149999999999995,34.55
84X133,2014-01-01,3.1,40.6,56.3
84X133,2015-01-01,6.266666666666667,32.800000000000004,60.93333333333334
84X133,2016-01-01,8.174999999999999,24.2,67.625
84X133,2017-01-01,7.779999999999999,30.139999999999997,62.080000000000005
84X133,2018-01-01,9.75,21.583333333333332,68.66666666666667
84X133,2019-01-01,6.814285714285715,10.242857142857142,82.95714285714287
84X165,2013-01-01,2.825,45.625,51.525
84X165,2014-01-01,9.525,36.825,53.675
84X165,2015-01-01,6.65,40.325,53.0
84X165,2016-01-01,11.540000000000001,45.2,43.21999999999999
84X165,2017-01-01,11.25,39.050000000000004,49.68333333333334
84X165,2018-01-01,10.028571428571427,36.05714285714286,53.91428571428571
84X165,2019-01-01,4.842857142857142,21.242857142857144,73.89999999999999
84X177,2013-01-01,43.0,47.7,9.3
84X177,2014-01-01,47.26666666666667,47.13333333333333,5.6000000000000005
84X177,2015-01-01,35.025,49.775,15.175
84X177,2016-01-01,37.5,44.525,17.975
84X177,2017-01-01,59.925,30.8,9.275
84X177,2018-01-01,37.800000000000004,33.824999999999996,28.375
84X177,2019-01-01,30.924999999999997,35.075,34.0
84X185,2013-01-01,33.114285714285714,45.17142857142857,21.714285714285715
84X185,2014-01-01,39.74285714285714,41.92857142857143,18.342857142857138
84X185,2015-01-01,30.414285714285718,42.785714285714285,26.814285714285717
84X185,2016-01-01,37.82857142857143,40.92857142857143,21.25714285714286
84X185,2017-01-01,30.82857142857143,39.42857142857143,29.71428571428571
84X185,2018-01-01,22.057142857142857,35.31428571428571,42.614285714285714
84X185,2019-01-01,17.583333333333332,31.383333333333336,51.06666666666667
84X233,2015-01-01,0.0,19.2,80.8
84X233,2016-01-01,3.1666666666666665,18.166666666666668,78.66666666666667
84X233,2017-01-01,6.4,30.2,63.4
84X233,2018-01-01,17.428571428571427,21.38571428571429,61.22857142857142
84X233,2019-01-01,14.157142857142858,20.12857142857143,65.74285714285715
84X255,2013-01-01,8.157142857142857,40.028571428571425,51.800000000000004
84X255,2014-01-01,5.857142857142857,25.985714285714288,68.14285714285714
84X255,2015-01-01,6.428571428571428,32.51428571428571,61.07142857142857
84X255,2016-01-01,5.285714285714286,25.571428571428573,69.12857142857142
84X255,2017-01-01,12.499999999999998,30.82857142857143,56.64285714285715
84X255,2018-01-01,10.62857142857143,22.842857142857145,66.54285714285714
84X255,2019-01-01,8.971428571428572,21.67142857142857,69.34285714285714
84X256,2015-01-01,20.8,31.3,47.9
84X256,2016-01-01,33.833333333333336,35.1,31.066666666666663
84X256,2017-01-01,43.975,27.75,28.275
84X256,2018-01-01,41.949999999999996,28.075,29.975
84X256,2019-01-01,26.65,28.700000000000003,44.65
84X309,2013-01-01,24.749999999999996,51.525000000000006,23.75
84X309,2014-01-01,20.075000000000003,45.975,33.925
84X309,2015-01-01,32.875,46.77499999999999,20.35
84X309,2016-01-01,14.225,42.575,43.175000000000004
84X309,2017-01-01,10.95,48.25,40.800000000000004
84X309,2018-01-01,9.899999999999999,43.175,46.975
84X309,2019-01-01,21.279999999999998,32.17999999999999,46.54
84X345,2013-01-01,42.614285714285714,41.75714285714286,15.628571428571425
84X345,2014-01-01,32.48571428571429,37.67142857142857,29.814285714285717
84X345,2015-01-01,31.128571428571426,42.81428571428571,26.014285714285712
84X345,2016-01-01,34.583333333333336,39.083333333333336,26.299999999999997
84X345,2017-01-01,33.583333333333336,37.56666666666667,28.86666666666667
84X345,2018-01-01,23.400000000000002,33.300000000000004,43.26666666666667
84X345,2019-01-01,32.03333333333333,33.43333333333333,34.550000000000004
84X346,2013-01-01,2.1,31.500000000000004,66.42500000000001
84X346,2014-01-01,0.0,15.179999999999998,84.82000000000001
84X346,2015-01-01,0.9666666666666665,20.733333333333334,78.30000000000001
84X346,2016-01-01,0.34285714285714286,16.785714285714285,82.87142857142858
84X346,2017-01-01,1.2142857142857142,22.685714285714287,76.10000000000001
84X346,2018-01-01,0.0,6.8,93.2
84X346,2019-01-01,0.45714285714285713,2.357142857142857,97.20000000000002
84X362,2015-01-01,3.4,27.6,69.0
84X362,2016-01-01,6.8,30.433333333333337,62.73333333333333
84X362,2017-01-01,14.299999999999999,32.625,53.1
84X362,2018-01-01,8.16,22.7,69.18
84X362,2019-01-01,6.233333333333333,11.899999999999999,81.85000000000001
84X364,2016-01-01,0.0,21.4,78.6
84X364,2017-01-01,3.266666666666667,17.73333333333333,79.0
84X364,2018-01-01,0.0,5.425,94.575
84X364,2019-01-01,1.1,4.680000000000001,94.25999999999999
84X378,2013-01-01,1.25,27.266666666666666,71.46666666666667
84X378,2014-01-01,3.614285714285714,26.54285714285714,69.85714285714286
84X378,2015-01-01,3.757142857142857,25.428571428571427,70.81428571428572
84X378,2016-01-01,5.071428571428571,18.885714285714283,76.05714285714285
84X378,2017-01-01,3.8999999999999995,20.8,75.31428571428572
84X378,2018-01-01,3.3000000000000003,10.414285714285713,86.3
84X378,2019-01-01,1.6833333333333336,5.166666666666667,93.14999999999999
84X380,2016-01-01,0.0,3.4,96.6
84X380,2017-01-01,0.5666666666666668,2.966666666666667,96.46666666666665
84X380,2018-01-01,0.0,1.7750000000000001,98.25000000000001
84X380,2019-01-01,0.76,3.6,95.63999999999999
84X387,2016-01-01,13.5,33.8,52.7
84X387,2017-01-01,10.200000000000001,28.366666666666664,61.43333333333334
84X387,2018-01-01,16.975,21.625,61.425000000000004
84X387,2019-01-01,13.919999999999998,24.119999999999997,61.959999999999994
84X389,2013-01-01,26.95,39.89999999999999,33.175
84X389,2014-01-01,10.360000000000001,48.22,41.440000000000005
84X389,2015-01-01,19.316666666666666,42.583333333333336,38.1
84X389,2016-01-01,19.657142857142855,46.84285714285715,33.528571428571425
84X389,2017-01-01,34.91428571428572,44.61428571428572,20.485714285714284
84X389,2018-01-01,29.428571428571427,36.67142857142857,33.92857142857143
84X389,2019-01-01,28.5,41.971428571428575,29.542857142857144
84X394,2013-01-01,43.0,36.224999999999994,20.8
84X394,2014-01-01,8.533333333333333,42.43333333333333,49.03333333333333
84X394,2015-01-01,17.25,29.025,53.75
84X394,2016-01-01,10.174999999999999,19.775,70.05000000000001
84X394,2017-01-01,5.574999999999999,34.875,59.550000000000004
84X394,2018-01-01,15.539999999999997,27.240000000000002,57.21999999999999
84X394,2019-01-01,17.63333333333333,30.899999999999995,51.46666666666666
84X398,2013-01-01,34.675,43.55,21.775
84X398,2014-01-01,16.125,44.725,39.125
84X398,2015-01-01,25.825000000000003,43.425000000000004,30.8
84X398,2016-01-01,31.619999999999997,42.28,26.080000000000002
84X398,2017-01-01,31.166666666666668,44.416666666666664,24.433333333333334
84X398,2018-01-01,38.628571428571426,37.7,23.67142857142857
84X398,2019-01-01,30.02857142857143,35.9,34.05714285714286
84X407,2013-01-01,35.474999999999994,41.325,23.200000000000003
84X407,2014-01-01,32.175,42.75,25.075
84X407,2015-01-01,49.25,36.225,14.55
84X407,2016-01-01,20.125,36.675,43.175
84X407,2017-01-01,18.325,37.1,44.575
84X407,2018-01-01,18.049999999999997,32.650000000000006,49.325
84X407,2019-01-01,23.325,39.125,37.525
84X419,2013-01-01,30.380000000000003,44.6,25.02
84X419,2014-01-01,19.266666666666666,46.5,34.266666666666666
84X419,2015-01-01,20.928571428571427,42.15714285714285,36.91428571428571
84X419,2016-01-01,14.471428571428573,46.37142857142857,39.15714285714286
84X419,2017-01-01,15.642857142857144,40.82857142857142,43.528571428571425
84X419,2018-01-01,13.514285714285716,32.2,54.31428571428571
84X419,2019-01-01,9.142857142857142,26.357142857142858,64.4857142857143
84X422,2013-01-01,18.0,42.6,39.39999999999999
84X422,2014-01-01,14.65,36.16666666666667,49.199999999999996
84X422,2015-01-01,16.885714285714283,42.128571428571426,40.957142857142856
84X422,2016-01-01,16.528571428571432,32.58571428571428,50.84285714285715
84X422,2017-01-01,10.042857142857143,28.414285714285715,61.55714285714286
84X422,2018-01-01,9.442857142857145,13.600000000000003,76.94285714285715
84X422,2019-01-01,7.057142857142857,11.828571428571427,81.11428571428571
84X460,2016-01-01,52.9,39.1,8.0
84X460,2017-01-01,47.166666666666664,35.233333333333334,17.566666666666666
84X460,2018-01-01,37.05,38.449999999999996,24.5
84X460,2019-01-01,23.725,28.3,47.975
84X461,2013-01-01,16.299999999999997,33.7,50.0
84X461,2014-01-01,32.975,46.8,20.2
84X461,2015-01-01,33.260000000000005,43.86,22.88
84X461,2016-01-01,29.183333333333334,38.800000000000004,32.0
84X461,2017-01-01,29.542857142857144,41.4,29.085714285714285
84X461,2018-01-01,28.742857142857144,31.228571428571428,40.0
84X461,2019-01-01,28.842857142857138,34.114285714285714,37.057142857142864
84X464,2017-01-01,0.0,3.2,96.8
84X464,2018-01-01,0.43333333333333335,1.0,98.56666666666668
84X464,2019-01-01,0.3,0.8500000000000001,98.85
84X465,2017-01-01,10.8,37.8,51.4
84X465,2018-01-01,13.966666666666669,43.666666666666664,42.333333333333336
84X465,2019-01-01,9.1,23.725,67.2
84X471,2015-01-01,44.9,42.3,12.8
84X471,2016-01-01,26.7,42.9,30.433333333333337
84X471,2017-01-01,27.275,41.95,30.75
84X471,2018-01-01,31.525,36.650000000000006,31.85
84X471,2019-01-01,36.175000000000004,33.05,30.775
84X472,2017-01-01,0.0,23.3,76.7
84X472,2018-01-01,5.366666666666667,24.633333333333336,70.0
84X472,2019-01-01,1.8666666666666665,19.2,78.93333333333334
84X482,2013-01-01,58.15,35.974999999999994,5.875
84X482,2014-01-01,42.900000000000006,43.25,13.875
84X482,2015-01-01,31.025000000000002,47.349999999999994,21.574999999999996
84X482,2016-01-01,45.425,40.9,13.7
84X482,2017-01-01,47.5,37.599999999999994,14.875
84X482,2018-01-01,46.23333333333333,27.733333333333334,26.099999999999998
84X482,2019-01-01,36.1,31.066666666666666,32.900000000000006
84X484,2019-01-01,4.0,21.3,74.7
84X486,2018-01-01,9.9,40.8,49.3
84X486,2019-01-01,9.700000000000001,16.666666666666668,73.63333333333334
84X487,2013-01-01,21.099999999999998,46.9,32.0
84X487,2014-01-01,24.475,34.55,40.974999999999994
84X487,2015-01-01,17.380000000000003,41.42,41.2
84X487,2016-01-01,23.48333333333333,42.18333333333333,34.31666666666667
84X487,2017-01-01,23.942857142857143,37.68571428571429,38.385714285714286
84X487,2018-01-01,20.457142857142856,24.21428571428572,55.35714285714287
84X487,2019-01-01,12.771428571428572,24.785714285714285,62.41428571428571
84X488,2013-01-01,33.325,50.425000000000004,16.2
84X488,2014-01-01,24.299999999999997,43.175,32.575
84X488,2015-01-01,30.7,45.3,24.0
84X488,2016-01-01,33.125,43.825,23.025
84X488,2017-01-01,40.699999999999996,43.575,15.725000000000001
84X488,2018-01-01,41.775,39.225,19.025
84X488,2019-01-01,43.425000000000004,36.525000000000006,20.099999999999998
84X489,2018-01-01,0.0,1.5,98.5
84X489,2019-01-01,0.0,0.0,100.0
84X491,2013-01-01,10.6,40.833333333333336,48.53333333333334
84X491,2014-01-01,14.275000000000002,35.45,50.25
84X491,2015-01-01,10.22,33.56,56.279999999999994
84X491,2016-01-01,13.75,24.21666666666667,62.01666666666667
84X491,2017-01-01,12.5,26.442857142857147,61.07142857142857
84X491,2018-01-01,7.014285714285713,22.371428571428567,70.61428571428571
84X491,2019-01-01,4.3,17.885714285714283,77.82857142857142
84X492,2016-01-01,70.5,26.8,2.7
84X492,2017-01-01,64.13333333333333,29.166666666666668,6.633333333333333
84X492,2018-01-01,49.075,33.6,17.325000000000003
84X492,2019-01-01,50.23333333333333,30.633333333333336,19.166666666666668
84X493,2013-01-01,0.0,10.1,89.9
84X493,2014-01-01,0.0,7.333333333333333,92.66666666666667
84X493,2015-01-01,0.0,3.775,96.225
84X493,2016-01-01,0.0,0.68,99.32
84X493,2017-01-01,0.0,2.15,97.84999999999998
84X493,2018-01-01,0.0,0.5,99.5
84X493,2019-01-01,0.0,1.8800000000000001,98.12
84X494,2013-01-01,1.0,2.1,96.9
84X494,2014-01-01,0.6,1.1666666666666667,98.2
84X494,2015-01-01,0.0,3.75,96.275
84X494,2016-01-01,0.56,6.659999999999999,92.78
84X494,2017-01-01,0.5333333333333333,3.3166666666666664,96.13333333333333
84X494,2018-01-01,0.0,0.43333333333333335,99.56666666666666
84X494,2019-01-01,0.0,0.6,99.39999999999999
84X496,2013-01-01,3.5500000000000003,32.625,63.8
84X496,2014-01-01,1.42,12.739999999999998,85.83999999999999
84X496,2015-01-01,3.8833333333333333,15.733333333333334,80.41666666666667
84X496,2016-01-01,1.4285714285714286,9.328571428571427,89.24285714285715
84X496,2017-01-01,0.9285714285714286,11.871428571428572,87.19999999999997
84X496,2018-01-01,3.0142857142857147,13.185714285714285,83.78571428571429
84X496,2019-01-01,2.5,16.34285714285714,81.15714285714286
84X497,2018-01-01,22.6,19.4,58.1
84X497,2019-01-01,27.400000000000002,40.199999999999996,32.4
84X538,2013-01-01,11.1,22.2,66.7
84X538,2014-01-01,4.333333333333333,23.599999999999998,72.06666666666666
84X538,2015-01-01,5.05,33.075,61.875
84X538,2016-01-01,3.7600000000000002,20.56,75.74
84X538,2017-01-01,1.7333333333333334,14.66666666666667,83.6
84X538,2018-01-01,3.857142857142857,16.17142857142857,79.97142857142856
84X538,2019-01-01,4.142857142857143,19.314285714285713,76.51428571428572
84X554,2014-01-01,59.2,32.7,8.2
84X554,2015-01-01,54.36666666666667,27.900000000000002,17.7
84X554,2016-01-01,57.325,31.625,11.05
84X554,2017-01-01,56.375,31.125,12.5
84X554,2018-01-01,36.325,31.849999999999998,31.775
84X554,2019-01-01,36.85,25.675,37.5
84X579,2019-01-01,1.7,3.4,94.9
84X585,2018-01-01,15.7,34.6,49.6
84X585,2019-01-01,27.400000000000002,31.166666666666668,41.43333333333333
84X592,2019-01-01,0.0,2.6,97.4
84X598,2019-01-01,18.3,19.4,62.4
84X606,2019-01-01,25.6,46.7,27.8
84X703,2013-01-01,42.3,41.900000000000006,15.799999999999997
84X703,2014-01-01,27.619999999999997,46.28,26.079999999999995
84X703,2015-01-01,39.44,35.940000000000005,24.64
84X703,2016-01-01,23.1,45.72500000000001,31.200000000000003
84X703,2017-01-01,22.25,49.900000000000006,27.875
84X703,2018-01-01,30.775,37.9,31.3
84X703,2019-01-01,18.299999999999997,32.050000000000004,49.675
84X704,2013-01-01,17.299999999999997,38.81666666666666,43.88333333333333
84X704,2014-01-01,17.0,31.685714285714287,51.28571428571428
84X704,2015-01-01,20.642857142857142,32.971428571428575,46.385714285714286
84X704,2016-01-01,17.742857142857144,30.057142857142853,52.1857142857143
84X704,2017-01-01,13.9,28.82857142857143,57.27142857142858
84X704,2018-01-01,11.499999999999998,16.6,71.89999999999999
84X704,2019-01-01,7.257142857142858,14.942857142857141,77.75714285714287
84X705,2013-01-01,33.74285714285714,45.542857142857144,20.714285714285715
84X705,2014-01-01,26.52857142857143,41.3,32.18571428571428
84X705,2015-01-01,31.7,35.95714285714286,32.41428571428571
84X705,2016-01-01,25.285714285714285,37.142857142857146,37.557142857142864
84X705,2017-01-01,24.64285714285714,35.7,39.699999999999996
84X705,2018-01-01,16.45,30.625000000000004,52.95
84X705,2019-01-01,15.8,34.525000000000006,49.625
84X706,2013-01-01,29.65714285714285,41.08571428571429,29.271428571428572
84X706,2014-01-01,22.599999999999998,40.214285714285715,37.24285714285714
84X706,2015-01-01,19.085714285714285,37.91428571428571,43.01428571428572
84X706,2016-01-01,15.757142857142858,32.885714285714286,51.357142857142854
84X706,2017-01-01,12.985714285714286,33.04285714285714,53.97142857142857
84X706,2018-01-01,16.599999999999998,28.88571428571429,54.528571428571425
84X706,2019-01-01,7.0,27.357142857142858,65.67142857142856
84X717,2013-01-01,3.771428571428572,38.442857142857136,57.785714285714285
84X717,2014-01-01,7.428571428571428,34.91428571428571,57.642857142857146
84X717,2015-01-01,7.457142857142857,39.2,53.357142857142854
84X717,2016-01-01,4.442857142857143,36.48571428571429,59.08571428571428
84X717,2017-01-01,9.528571428571428,36.699999999999996,53.8
84X717,2018-01-01,8.071428571428571,31.32857142857143,60.61428571428571
84X717,2019-01-01,3.9714285714285715,14.042857142857143,82.0
84X718,2013-01-01,16.25,39.825,43.974999999999994
84X718,2014-01-01,8.6,23.15,68.275
84X718,2015-01-01,8.850000000000001,24.125,67.075
84X718,2016-01-01,4.525,31.8,63.65
84X718,2017-01-01,5.7,24.6,69.75
84X718,2018-01-01,8.725000000000001,19.575000000000003,71.725
84X718,2019-01-01,9.174999999999999,16.775,74.05000000000001
84X730,2013-01-01,28.65,40.5,30.825000000000003
84X730,2014-01-01,9.3,34.65,56.025000000000006
84X730,2015-01-01,10.0,28.25,61.775
84X730,2016-01-01,12.075,30.8,57.125
84X730,2017-01-01,9.399999999999999,33.375,57.225
84X730,2018-01-01,12.4,31.425,56.2
84X730,2019-01-01,31.060000000000002,24.3,44.620000000000005
